[
  {
    "model": "contenttypes.contenttype",
    "pk": 1,
    "fields": { "app_label": "admin", "model": "logentry" }
  },
  {
    "model": "contenttypes.contenttype",
    "pk": 2,
    "fields": { "app_label": "auth", "model": "permission" }
  },
  {
    "model": "contenttypes.contenttype",
    "pk": 3,
    "fields": { "app_label": "auth", "model": "group" }
  },
  {
    "model": "contenttypes.contenttype",
    "pk": 4,
    "fields": { "app_label": "auth", "model": "user" }
  },
  {
    "model": "contenttypes.contenttype",
    "pk": 5,
    "fields": { "app_label": "contenttypes", "model": "contenttype" }
  },
  {
    "model": "contenttypes.contenttype",
    "pk": 6,
    "fields": { "app_label": "sessions", "model": "session" }
  },
  {
    "model": "contenttypes.contenttype",
    "pk": 7,
    "fields": { "app_label": "sites", "model": "site" }
  },
  {
    "model": "contenttypes.contenttype",
    "pk": 8,
    "fields": { "app_label": "account", "model": "emailaddress" }
  },
  {
    "model": "contenttypes.contenttype",
    "pk": 9,
    "fields": { "app_label": "account", "model": "emailconfirmation" }
  },
  {
    "model": "contenttypes.contenttype",
    "pk": 10,
    "fields": { "app_label": "socialaccount", "model": "socialaccount" }
  },
  {
    "model": "contenttypes.contenttype",
    "pk": 11,
    "fields": { "app_label": "socialaccount", "model": "socialapp" }
  },
  {
    "model": "contenttypes.contenttype",
    "pk": 12,
    "fields": { "app_label": "socialaccount", "model": "socialtoken" }
  },
  {
    "model": "contenttypes.contenttype",
    "pk": 13,
    "fields": { "app_label": "schedule", "model": "profile" }
  },
  {
    "model": "contenttypes.contenttype",
    "pk": 14,
    "fields": { "app_label": "schedule", "model": "booking" }
  },
  {
    "model": "sites.site",
    "pk": 1,
    "fields": { "domain": "example.com", "name": "example.com" }
  },
  {
    "model": "auth.permission",
    "pk": 1,
    "fields": {
      "name": "Can add log entry",
      "content_type": 1,
      "codename": "add_logentry"
    }
  },
  {
    "model": "auth.permission",
    "pk": 2,
    "fields": {
      "name": "Can change log entry",
      "content_type": 1,
      "codename": "change_logentry"
    }
  },
  {
    "model": "auth.permission",
    "pk": 3,
    "fields": {
      "name": "Can delete log entry",
      "content_type": 1,
      "codename": "delete_logentry"
    }
  },
  {
    "model": "auth.permission",
    "pk": 4,
    "fields": {
      "name": "Can view log entry",
      "content_type": 1,
      "codename": "view_logentry"
    }
  },
  {
    "model": "auth.permission",
    "pk": 5,
    "fields": {
      "name": "Can add permission",
      "content_type": 2,
      "codename": "add_permission"
    }
  },
  {
    "model": "auth.permission",
    "pk": 6,
    "fields": {
      "name": "Can change permission",
      "content_type": 2,
      "codename": "change_permission"
    }
  },
  {
    "model": "auth.permission",
    "pk": 7,
    "fields": {
      "name": "Can delete permission",
      "content_type": 2,
      "codename": "delete_permission"
    }
  },
  {
    "model": "auth.permission",
    "pk": 8,
    "fields": {
      "name": "Can view permission",
      "content_type": 2,
      "codename": "view_permission"
    }
  },
  {
    "model": "auth.permission",
    "pk": 9,
    "fields": {
      "name": "Can add group",
      "content_type": 3,
      "codename": "add_group"
    }
  },
  {
    "model": "auth.permission",
    "pk": 10,
    "fields": {
      "name": "Can change group",
      "content_type": 3,
      "codename": "change_group"
    }
  },
  {
    "model": "auth.permission",
    "pk": 11,
    "fields": {
      "name": "Can delete group",
      "content_type": 3,
      "codename": "delete_group"
    }
  },
  {
    "model": "auth.permission",
    "pk": 12,
    "fields": {
      "name": "Can view group",
      "content_type": 3,
      "codename": "view_group"
    }
  },
  {
    "model": "auth.permission",
    "pk": 13,
    "fields": {
      "name": "Can add user",
      "content_type": 4,
      "codename": "add_user"
    }
  },
  {
    "model": "auth.permission",
    "pk": 14,
    "fields": {
      "name": "Can change user",
      "content_type": 4,
      "codename": "change_user"
    }
  },
  {
    "model": "auth.permission",
    "pk": 15,
    "fields": {
      "name": "Can delete user",
      "content_type": 4,
      "codename": "delete_user"
    }
  },
  {
    "model": "auth.permission",
    "pk": 16,
    "fields": {
      "name": "Can view user",
      "content_type": 4,
      "codename": "view_user"
    }
  },
  {
    "model": "auth.permission",
    "pk": 17,
    "fields": {
      "name": "Can add content type",
      "content_type": 5,
      "codename": "add_contenttype"
    }
  },
  {
    "model": "auth.permission",
    "pk": 18,
    "fields": {
      "name": "Can change content type",
      "content_type": 5,
      "codename": "change_contenttype"
    }
  },
  {
    "model": "auth.permission",
    "pk": 19,
    "fields": {
      "name": "Can delete content type",
      "content_type": 5,
      "codename": "delete_contenttype"
    }
  },
  {
    "model": "auth.permission",
    "pk": 20,
    "fields": {
      "name": "Can view content type",
      "content_type": 5,
      "codename": "view_contenttype"
    }
  },
  {
    "model": "auth.permission",
    "pk": 21,
    "fields": {
      "name": "Can add session",
      "content_type": 6,
      "codename": "add_session"
    }
  },
  {
    "model": "auth.permission",
    "pk": 22,
    "fields": {
      "name": "Can change session",
      "content_type": 6,
      "codename": "change_session"
    }
  },
  {
    "model": "auth.permission",
    "pk": 23,
    "fields": {
      "name": "Can delete session",
      "content_type": 6,
      "codename": "delete_session"
    }
  },
  {
    "model": "auth.permission",
    "pk": 24,
    "fields": {
      "name": "Can view session",
      "content_type": 6,
      "codename": "view_session"
    }
  },
  {
    "model": "auth.permission",
    "pk": 25,
    "fields": {
      "name": "Can add site",
      "content_type": 7,
      "codename": "add_site"
    }
  },
  {
    "model": "auth.permission",
    "pk": 26,
    "fields": {
      "name": "Can change site",
      "content_type": 7,
      "codename": "change_site"
    }
  },
  {
    "model": "auth.permission",
    "pk": 27,
    "fields": {
      "name": "Can delete site",
      "content_type": 7,
      "codename": "delete_site"
    }
  },
  {
    "model": "auth.permission",
    "pk": 28,
    "fields": {
      "name": "Can view site",
      "content_type": 7,
      "codename": "view_site"
    }
  },
  {
    "model": "auth.permission",
    "pk": 29,
    "fields": {
      "name": "Can add email address",
      "content_type": 8,
      "codename": "add_emailaddress"
    }
  },
  {
    "model": "auth.permission",
    "pk": 30,
    "fields": {
      "name": "Can change email address",
      "content_type": 8,
      "codename": "change_emailaddress"
    }
  },
  {
    "model": "auth.permission",
    "pk": 31,
    "fields": {
      "name": "Can delete email address",
      "content_type": 8,
      "codename": "delete_emailaddress"
    }
  },
  {
    "model": "auth.permission",
    "pk": 32,
    "fields": {
      "name": "Can view email address",
      "content_type": 8,
      "codename": "view_emailaddress"
    }
  },
  {
    "model": "auth.permission",
    "pk": 33,
    "fields": {
      "name": "Can add email confirmation",
      "content_type": 9,
      "codename": "add_emailconfirmation"
    }
  },
  {
    "model": "auth.permission",
    "pk": 34,
    "fields": {
      "name": "Can change email confirmation",
      "content_type": 9,
      "codename": "change_emailconfirmation"
    }
  },
  {
    "model": "auth.permission",
    "pk": 35,
    "fields": {
      "name": "Can delete email confirmation",
      "content_type": 9,
      "codename": "delete_emailconfirmation"
    }
  },
  {
    "model": "auth.permission",
    "pk": 36,
    "fields": {
      "name": "Can view email confirmation",
      "content_type": 9,
      "codename": "view_emailconfirmation"
    }
  },
  {
    "model": "auth.permission",
    "pk": 37,
    "fields": {
      "name": "Can add social account",
      "content_type": 10,
      "codename": "add_socialaccount"
    }
  },
  {
    "model": "auth.permission",
    "pk": 38,
    "fields": {
      "name": "Can change social account",
      "content_type": 10,
      "codename": "change_socialaccount"
    }
  },
  {
    "model": "auth.permission",
    "pk": 39,
    "fields": {
      "name": "Can delete social account",
      "content_type": 10,
      "codename": "delete_socialaccount"
    }
  },
  {
    "model": "auth.permission",
    "pk": 40,
    "fields": {
      "name": "Can view social account",
      "content_type": 10,
      "codename": "view_socialaccount"
    }
  },
  {
    "model": "auth.permission",
    "pk": 41,
    "fields": {
      "name": "Can add social application",
      "content_type": 11,
      "codename": "add_socialapp"
    }
  },
  {
    "model": "auth.permission",
    "pk": 42,
    "fields": {
      "name": "Can change social application",
      "content_type": 11,
      "codename": "change_socialapp"
    }
  },
  {
    "model": "auth.permission",
    "pk": 43,
    "fields": {
      "name": "Can delete social application",
      "content_type": 11,
      "codename": "delete_socialapp"
    }
  },
  {
    "model": "auth.permission",
    "pk": 44,
    "fields": {
      "name": "Can view social application",
      "content_type": 11,
      "codename": "view_socialapp"
    }
  },
  {
    "model": "auth.permission",
    "pk": 45,
    "fields": {
      "name": "Can add social application token",
      "content_type": 12,
      "codename": "add_socialtoken"
    }
  },
  {
    "model": "auth.permission",
    "pk": 46,
    "fields": {
      "name": "Can change social application token",
      "content_type": 12,
      "codename": "change_socialtoken"
    }
  },
  {
    "model": "auth.permission",
    "pk": 47,
    "fields": {
      "name": "Can delete social application token",
      "content_type": 12,
      "codename": "delete_socialtoken"
    }
  },
  {
    "model": "auth.permission",
    "pk": 48,
    "fields": {
      "name": "Can view social application token",
      "content_type": 12,
      "codename": "view_socialtoken"
    }
  },
  {
    "model": "auth.permission",
    "pk": 49,
    "fields": {
      "name": "Can add profile",
      "content_type": 13,
      "codename": "add_profile"
    }
  },
  {
    "model": "auth.permission",
    "pk": 50,
    "fields": {
      "name": "Can change profile",
      "content_type": 13,
      "codename": "change_profile"
    }
  },
  {
    "model": "auth.permission",
    "pk": 51,
    "fields": {
      "name": "Can delete profile",
      "content_type": 13,
      "codename": "delete_profile"
    }
  },
  {
    "model": "auth.permission",
    "pk": 52,
    "fields": {
      "name": "Can view profile",
      "content_type": 13,
      "codename": "view_profile"
    }
  },
  {
    "model": "auth.permission",
    "pk": 53,
    "fields": {
      "name": "Can add booking",
      "content_type": 14,
      "codename": "add_booking"
    }
  },
  {
    "model": "auth.permission",
    "pk": 54,
    "fields": {
      "name": "Can change booking",
      "content_type": 14,
      "codename": "change_booking"
    }
  },
  {
    "model": "auth.permission",
    "pk": 55,
    "fields": {
      "name": "Can delete booking",
      "content_type": 14,
      "codename": "delete_booking"
    }
  },
  {
    "model": "auth.permission",
    "pk": 56,
    "fields": {
      "name": "Can view booking",
      "content_type": 14,
      "codename": "view_booking"
    }
  },
  {
    "model": "auth.user",
    "pk": 1,
    "fields": {
      "password": "pbkdf2_sha256$180000$I6zcODZmy0JL$R5paREyAFAGVI0KeQPAh6mT5uTxEjU6SyyPfJz984tY=",
      "last_login": "2021-03-09T08:06:33.038Z",
      "is_superuser": true,
      "username": "pierre@divesandybeach.com",
      "first_name": "",
      "last_name": "",
      "email": "pierre@divesandybeach.com",
      "is_staff": true,
      "is_active": true,
      "date_joined": "2021-03-04T07:59:33Z",
      "groups": [],
      "user_permissions": []
    }
  },
  {
    "model": "auth.user",
    "pk": 2,
    "fields": {
      "password": "pbkdf2_sha256$180000$I6zcODZmy0JL$R5paREyAFAGVI0KeQPAh6mT5uTxEjU6SyyPfJz984tY=",
      "last_login": null,
      "is_superuser": false,
      "username": "info@divesandybeach.com",
      "first_name": "",
      "last_name": "",
      "email": "info@divesandybeach.com",
      "is_staff": true,
      "is_active": true,
      "date_joined": "2021-03-09T02:52:39Z",
      "groups": [],
      "user_permissions": []
    }
  },
  {
    "model": "auth.user",
    "pk": 3,
    "fields": {
      "password": "pbkdf2_sha256$180000$I6zcODZmy0JL$R5paREyAFAGVI0KeQPAh6mT5uTxEjU6SyyPfJz984tY=",
      "last_login": null,
      "is_superuser": false,
      "username": "adam@gmail.com",
      "first_name": "",
      "last_name": "",
      "email": "adam@gmail.com",
      "is_staff": false,
      "is_active": true,
      "date_joined": "2021-03-09T02:52:39Z",
      "groups": [],
      "user_permissions": []
    }
  },
  {
    "model": "auth.user",
    "pk": 4,
    "fields": {
      "password": "pbkdf2_sha256$180000$I6zcODZmy0JL$R5paREyAFAGVI0KeQPAh6mT5uTxEjU6SyyPfJz984tY=",
      "last_login": null,
      "is_superuser": false,
      "username": "eve@gmail.com",
      "first_name": "",
      "last_name": "",
      "email": "eve@gmail.com",
      "is_staff": false,
      "is_active": true,
      "date_joined": "2021-03-09T02:52:39Z",
      "groups": [],
      "user_permissions": []
    }
  },
  {
    "model": "auth.user",
    "pk": 5,
    "fields": {
      "password": "pbkdf2_sha256$180000$I6zcODZmy0JL$R5paREyAFAGVI0KeQPAh6mT5uTxEjU6SyyPfJz984tY=",
      "last_login": null,
      "is_superuser": false,
      "username": "peter@gmail.com",
      "first_name": "",
      "last_name": "",
      "email": "peter@gmail.com",
      "is_staff": false,
      "is_active": true,
      "date_joined": "2021-03-09T02:52:39Z",
      "groups": [],
      "user_permissions": []
    }
  },
  {
    "model": "auth.user",
    "pk": 6,
    "fields": {
      "password": "pbkdf2_sha256$180000$I6zcODZmy0JL$R5paREyAFAGVI0KeQPAh6mT5uTxEjU6SyyPfJz984tY=",
      "last_login": null,
      "is_superuser": false,
      "username": "paul@gmail.com",
      "first_name": "",
      "last_name": "",
      "email": "paul@gmail.com",
      "is_staff": false,
      "is_active": true,
      "date_joined": "2021-03-09T02:52:39Z",
      "groups": [],
      "user_permissions": []
    }
  },
  {
    "model": "auth.user",
    "pk": 7,
    "fields": {
      "password": "pbkdf2_sha256$180000$I6zcODZmy0JL$R5paREyAFAGVI0KeQPAh6mT5uTxEjU6SyyPfJz984tY=",
      "last_login": null,
      "is_superuser": false,
      "username": "luke@gmail.com",
      "first_name": "",
      "last_name": "",
      "email": "luke@gmail.com",
      "is_staff": false,
      "is_active": true,
      "date_joined": "2021-03-09T02:52:39Z",
      "groups": [],
      "user_permissions": []
    }
  },
  {
    "model": "auth.user",
    "pk": 8,
    "fields": {
      "password": "pbkdf2_sha256$180000$I6zcODZmy0JL$R5paREyAFAGVI0KeQPAh6mT5uTxEjU6SyyPfJz984tY=",
      "last_login": null,
      "is_superuser": false,
      "username": "john@gmail.com",
      "first_name": "",
      "last_name": "",
      "email": "john@gmail.com",
      "is_staff": false,
      "is_active": true,
      "date_joined": "2021-03-09T02:52:39Z",
      "groups": [],
      "user_permissions": []
    }
  },
  {
    "model": "auth.user",
    "pk": 9,
    "fields": {
      "password": "pbkdf2_sha256$180000$I6zcODZmy0JL$R5paREyAFAGVI0KeQPAh6mT5uTxEjU6SyyPfJz984tY=",
      "last_login": null,
      "is_superuser": false,
      "username": "sarah@gmail.com",
      "first_name": "",
      "last_name": "",
      "email": "sarah@gmail.com",
      "is_staff": false,
      "is_active": true,
      "date_joined": "2021-03-09T02:52:39Z",
      "groups": [],
      "user_permissions": []
    }
  },
  {
    "model": "auth.user",
    "pk": 10,
    "fields": {
      "password": "pbkdf2_sha256$180000$I6zcODZmy0JL$R5paREyAFAGVI0KeQPAh6mT5uTxEjU6SyyPfJz984tY=",
      "last_login": null,
      "is_superuser": false,
      "username": "fahad@gmail.com",
      "first_name": "",
      "last_name": "",
      "email": "fahad@gmail.com",
      "is_staff": false,
      "is_active": true,
      "date_joined": "2021-03-09T02:52:39Z",
      "groups": [],
      "user_permissions": []
    }
  },
  {
    "model": "auth.user",
    "pk": 11,
    "fields": {
      "password": "pbkdf2_sha256$180000$I6zcODZmy0JL$R5paREyAFAGVI0KeQPAh6mT5uTxEjU6SyyPfJz984tY=",
      "last_login": null,
      "is_superuser": false,
      "username": "samy@gmail.com",
      "first_name": "",
      "last_name": "",
      "email": "samy@gmail.com",
      "is_staff": false,
      "is_active": true,
      "date_joined": "2021-03-09T02:52:39Z",
      "groups": [],
      "user_permissions": []
    }
  },
  {
    "model": "auth.user",
    "pk": 12,
    "fields": {
      "password": "pbkdf2_sha256$180000$I6zcODZmy0JL$R5paREyAFAGVI0KeQPAh6mT5uTxEjU6SyyPfJz984tY=",
      "last_login": null,
      "is_superuser": false,
      "username": "hilton@gmail.com",
      "first_name": "",
      "last_name": "",
      "email": "hilton@gmail.com",
      "is_staff": false,
      "is_active": true,
      "date_joined": "2021-03-09T02:52:39Z",
      "groups": [],
      "user_permissions": []
    }
  },
  {
    "model": "auth.user",
    "pk": 13,
    "fields": {
      "password": "pbkdf2_sha256$180000$I6zcODZmy0JL$R5paREyAFAGVI0KeQPAh6mT5uTxEjU6SyyPfJz984tY=",
      "last_login": null,
      "is_superuser": false,
      "username": "jumeira@gmail.com",
      "first_name": "",
      "last_name": "",
      "email": "jumeira@gmail.com",
      "is_staff": false,
      "is_active": true,
      "date_joined": "2021-03-09T02:52:39Z",
      "groups": [],
      "user_permissions": []
    }
  },
  {
    "model": "auth.user",
    "pk": 14,
    "fields": {
      "password": "pbkdf2_sha256$180000$I6zcODZmy0JL$R5paREyAFAGVI0KeQPAh6mT5uTxEjU6SyyPfJz984tY=",
      "last_login": null,
      "is_superuser": false,
      "username": "zayeed@gmail.com",
      "first_name": "",
      "last_name": "",
      "email": "zayeed@gmail.com",
      "is_staff": false,
      "is_active": true,
      "date_joined": "2021-03-09T02:52:39Z",
      "groups": [],
      "user_permissions": []
    }
  },
  {
    "model": "auth.user",
    "pk": 15,
    "fields": {
      "password": "pbkdf2_sha256$180000$I6zcODZmy0JL$R5paREyAFAGVI0KeQPAh6mT5uTxEjU6SyyPfJz984tY=",
      "last_login": null,
      "is_superuser": false,
      "username": "rain@gmail.com",
      "first_name": "",
      "last_name": "",
      "email": "rain@gmail.com",
      "is_staff": false,
      "is_active": true,
      "date_joined": "2021-03-09T02:52:39Z",
      "groups": [],
      "user_permissions": []
    }
  },
  {
    "model": "auth.user",
    "pk": 16,
    "fields": {
      "password": "pbkdf2_sha256$180000$I6zcODZmy0JL$R5paREyAFAGVI0KeQPAh6mT5uTxEjU6SyyPfJz984tY=",
      "last_login": null,
      "is_superuser": false,
      "username": "storm@gmail.com",
      "first_name": "",
      "last_name": "",
      "email": "storm@gmail.com",
      "is_staff": false,
      "is_active": true,
      "date_joined": "2021-03-09T02:52:39Z",
      "groups": [],
      "user_permissions": []
    }
  },
  {
    "model": "auth.user",
    "pk": 17,
    "fields": {
      "password": "pbkdf2_sha256$180000$I6zcODZmy0JL$R5paREyAFAGVI0KeQPAh6mT5uTxEjU6SyyPfJz984tY=",
      "last_login": null,
      "is_superuser": false,
      "username": "lucky@gmail.com",
      "first_name": "",
      "last_name": "",
      "email": "lucky@gmail.com",
      "is_staff": false,
      "is_active": true,
      "date_joined": "2021-03-09T02:52:39Z",
      "groups": [],
      "user_permissions": []
    }
  },
  {
    "model": "auth.user",
    "pk": 18,
    "fields": {
      "password": "pbkdf2_sha256$180000$I6zcODZmy0JL$R5paREyAFAGVI0KeQPAh6mT5uTxEjU6SyyPfJz984tY=",
      "last_login": null,
      "is_superuser": false,
      "username": "fish@gmail.com",
      "first_name": "",
      "last_name": "",
      "email": "fish@gmail.com",
      "is_staff": false,
      "is_active": true,
      "date_joined": "2021-03-09T02:52:39Z",
      "groups": [],
      "user_permissions": []
    }
  },
  {
    "model": "auth.user",
    "pk": 19,
    "fields": {
      "password": "pbkdf2_sha256$180000$I6zcODZmy0JL$R5paREyAFAGVI0KeQPAh6mT5uTxEjU6SyyPfJz984tY=",
      "last_login": null,
      "is_superuser": false,
      "username": "shark@gmail.com",
      "first_name": "",
      "last_name": "",
      "email": "shark@gmail.com",
      "is_staff": false,
      "is_active": true,
      "date_joined": "2021-03-09T02:52:39Z",
      "groups": [],
      "user_permissions": []
    }
  },
  {
    "model": "auth.user",
    "pk": 20,
    "fields": {
      "password": "pbkdf2_sha256$180000$I6zcODZmy0JL$R5paREyAFAGVI0KeQPAh6mT5uTxEjU6SyyPfJz984tY=",
      "last_login": null,
      "is_superuser": false,
      "username": "sky@gmail.com",
      "first_name": "",
      "last_name": "",
      "email": "sky@gmail.com",
      "is_staff": false,
      "is_active": true,
      "date_joined": "2021-03-09T02:52:39Z",
      "groups": [],
      "user_permissions": []
    }
  },
  {
    "model": "auth.user",
    "pk": 21,
    "fields": {
      "password": "pbkdf2_sha256$180000$I6zcODZmy0JL$R5paREyAFAGVI0KeQPAh6mT5uTxEjU6SyyPfJz984tY=",
      "last_login": null,
      "is_superuser": false,
      "username": "mountain@gmail.com",
      "first_name": "",
      "last_name": "",
      "email": "mountain@gmail.com",
      "is_staff": false,
      "is_active": true,
      "date_joined": "2021-03-09T02:52:39Z",
      "groups": [],
      "user_permissions": []
    }
  },
  {
    "model": "auth.user",
    "pk": 22,
    "fields": {
      "password": "pbkdf2_sha256$180000$I6zcODZmy0JL$R5paREyAFAGVI0KeQPAh6mT5uTxEjU6SyyPfJz984tY=",
      "last_login": null,
      "is_superuser": false,
      "username": "wind@gmail.com",
      "first_name": "",
      "last_name": "",
      "email": "wind@gmail.com",
      "is_staff": false,
      "is_active": true,
      "date_joined": "2021-03-09T02:52:39Z",
      "groups": [],
      "user_permissions": []
    }
  },
  {
    "model": "auth.user",
    "pk": 23,
    "fields": {
      "password": "pbkdf2_sha256$180000$I6zcODZmy0JL$R5paREyAFAGVI0KeQPAh6mT5uTxEjU6SyyPfJz984tY=",
      "last_login": null,
      "is_superuser": false,
      "username": "purple@gmail.com",
      "first_name": "",
      "last_name": "",
      "email": "purple@gmail.com",
      "is_staff": false,
      "is_active": true,
      "date_joined": "2021-03-09T02:52:39Z",
      "groups": [],
      "user_permissions": []
    }
  },
  {
    "model": "auth.user",
    "pk": 24,
    "fields": {
      "password": "pbkdf2_sha256$180000$I6zcODZmy0JL$R5paREyAFAGVI0KeQPAh6mT5uTxEjU6SyyPfJz984tY=",
      "last_login": null,
      "is_superuser": false,
      "username": "halo@gmail.com",
      "first_name": "",
      "last_name": "",
      "email": "halo@gmail.com",
      "is_staff": false,
      "is_active": true,
      "date_joined": "2021-03-09T02:52:39Z",
      "groups": [],
      "user_permissions": []
    }
  },
  {
    "model": "schedule.booking",
    "pk": 1,
    "fields": {
      "initiated_date": "2021-03-09",
      "date": "2021-03-09",
      "time": "9AM",
      "booking_type": "AM_BOAT",
      "diver": 4,
      "booked_by": 4,
      "activity": "PD",
      "equipment": "FK",
      "booking_status": "REQUESTED",
      "cancellation_reason": null
    }
  },
  {
    "model": "schedule.booking",
    "pk": 2,
    "fields": {
      "initiated_date": "2021-03-09",
      "date": "2021-03-09",
      "time": "9AM",
      "booking_type": "AM_BOAT",
      "diver": 5,
      "booked_by": 4,
      "activity": "PD",
      "equipment": "FK",
      "booking_status": "REQUESTED",
      "cancellation_reason": null
    }
  },
  {
    "model": "schedule.booking",
    "pk": 3,
    "fields": {
      "initiated_date": "2021-03-09",
      "date": "2021-03-09",
      "time": "9AM",
      "booking_type": "AM_BOAT",
      "diver": 6,
      "booked_by": 4,
      "activity": "PD",
      "equipment": "TW",
      "booking_status": "REQUESTED",
      "cancellation_reason": null
    }
  },
  {
    "model": "schedule.booking",
    "pk": 4,
    "fields": {
      "initiated_date": "2021-03-09",
      "date": "2021-03-09",
      "time": "9AM",
      "booking_type": "AM_BOAT",
      "diver": 7,
      "booked_by": 4,
      "activity": "PD",
      "equipment": "TW",
      "booking_status": "REQUESTED",
      "cancellation_reason": null
    }
  },
  {
    "model": "schedule.booking",
    "pk": 5,
    "fields": {
      "initiated_date": "2021-03-09",
      "date": "2021-03-09",
      "time": "9AM",
      "booking_type": "AM_BOAT",
      "diver": 8,
      "booked_by": 4,
      "activity": "OWC",
      "equipment": "FK",
      "booking_status": "REQUESTED",
      "cancellation_reason": null
    }
  },
  {
    "model": "schedule.booking",
    "pk": 6,
    "fields": {
      "initiated_date": "2021-03-09",
      "date": "2021-03-09",
      "time": "9AM",
      "booking_type": "AM_BOAT",
      "diver": 9,
      "booked_by": 4,
      "activity": "OWC",
      "equipment": "FK",
      "booking_status": "REQUESTED",
      "cancellation_reason": null
    }
  },
  {
    "model": "schedule.booking",
    "pk": 7,
    "fields": {
      "initiated_date": "2021-03-09",
      "date": "2021-03-09",
      "time": "1:30PM",
      "booking_type": "PM_BOAT",
      "diver": 10,
      "booked_by": 10,
      "activity": "PD",
      "equipment": "TW",
      "booking_status": "REQUESTED",
      "cancellation_reason": null
    }
  },
  {
    "model": "schedule.booking",
    "pk": 8,
    "fields": {
      "initiated_date": "2021-03-09",
      "date": "2021-03-09",
      "time": "1:30PM",
      "booking_type": "PM_BOAT",
      "diver": 11,
      "booked_by": 10,
      "activity": "PD",
      "equipment": "TW",
      "booking_status": "REQUESTED",
      "cancellation_reason": null
    }
  },
  {
    "model": "schedule.booking",
    "pk": 9,
    "fields": {
      "initiated_date": "2021-03-09",
      "date": "2021-03-09",
      "time": "1:30PM",
      "booking_type": "PM_BOAT",
      "diver": 12,
      "booked_by": 10,
      "activity": "PD",
      "equipment": "TW",
      "booking_status": "REQUESTED",
      "cancellation_reason": null
    }
  },
  {
    "model": "schedule.booking",
    "pk": 10,
    "fields": {
      "initiated_date": "2021-03-09",
      "date": "2021-03-09",
      "time": "1:30PM",
      "booking_type": "PM_BOAT",
      "diver": 13,
      "booked_by": 10,
      "activity": "PD",
      "equipment": "TW",
      "booking_status": "REQUESTED",
      "cancellation_reason": null
    }
  },
  {
    "model": "schedule.booking",
    "pk": 11,
    "fields": {
      "initiated_date": "2021-03-09",
      "date": "2021-03-09",
      "time": "1:30PM",
      "booking_type": "PM_BOAT",
      "diver": 14,
      "booked_by": 10,
      "activity": "PD",
      "equipment": "TW",
      "booking_status": "REQUESTED",
      "cancellation_reason": null
    }
  },
  {
    "model": "schedule.booking",
    "pk": 12,
    "fields": {
      "initiated_date": "2021-03-09",
      "date": "2021-03-09",
      "time": "1:30PM",
      "booking_type": "PM_BOAT",
      "diver": 15,
      "booked_by": 10,
      "activity": "PD",
      "equipment": "TW",
      "booking_status": "REQUESTED",
      "cancellation_reason": null
    }
  },
  {
    "model": "schedule.booking",
    "pk": 13,
    "fields": {
      "initiated_date": "2021-03-09",
      "date": "2021-03-09",
      "time": "1:30PM",
      "booking_type": "PM_BOAT",
      "diver": 16,
      "booked_by": 10,
      "activity": "PD",
      "equipment": "FK",
      "booking_status": "REQUESTED",
      "cancellation_reason": null
    }
  },
  {
    "model": "schedule.booking",
    "pk": 14,
    "fields": {
      "initiated_date": "2021-03-09",
      "date": "2021-03-09",
      "time": "1:30PM",
      "booking_type": "PM_BOAT",
      "diver": 17,
      "booked_by": 10,
      "activity": "PD",
      "equipment": "FK",
      "booking_status": "REQUESTED",
      "cancellation_reason": null
    }
  },
  {
    "model": "schedule.booking",
    "pk": 15,
    "fields": {
      "initiated_date": "2021-03-09",
      "date": "2021-03-09",
      "time": "10AM",
      "booking_type": "POOL",
      "diver": 18,
      "booked_by": 10,
      "activity": "REFRESH",
      "equipment": "FK",
      "booking_status": "REQUESTED",
      "cancellation_reason": null
    }
  },
  {
    "model": "schedule.booking",
    "pk": 16,
    "fields": {
      "initiated_date": "2021-03-09",
      "date": "2021-03-09",
      "time": "10AM",
      "booking_type": "POOL",
      "diver": 19,
      "booked_by": 10,
      "activity": "REFRESH",
      "equipment": "FK",
      "booking_status": "REQUESTED",
      "cancellation_reason": null
    }
  },
  {
    "model": "schedule.booking",
    "pk": 17,
    "fields": {
      "initiated_date": "2021-03-09",
      "date": "2021-03-09",
      "time": "9AM",
      "booking_type": "SHORE",
      "diver": 20,
      "booked_by": 10,
      "activity": "PD",
      "equipment": "FK",
      "booking_status": "REQUESTED",
      "cancellation_reason": null
    }
  },
  {
    "model": "schedule.booking",
    "pk": 18,
    "fields": {
      "initiated_date": "2021-03-09",
      "date": "2021-03-09",
      "time": "9AM",
      "booking_type": "SHORE",
      "diver": 21,
      "booked_by": 10,
      "activity": "PD",
      "equipment": "TW",
      "booking_status": "REQUESTED",
      "cancellation_reason": null
    }
  },
  {
    "model": "schedule.booking",
    "pk": 19,
    "fields": {
      "initiated_date": "2021-03-09",
      "date": "2021-03-09",
      "time": "2PM",
      "booking_type": "SHORE",
      "diver": 22,
      "booked_by": 10,
      "activity": "PD",
      "equipment": "TW",
      "booking_status": "REQUESTED",
      "cancellation_reason": null
    }
  },
  {
    "model": "schedule.booking",
    "pk": 20,
    "fields": {
      "initiated_date": "2021-03-09",
      "date": "2021-03-09",
      "time": "10AM",
      "booking_type": "CLASS",
      "diver": 23,
      "booked_by": 10,
      "activity": "RDC",
      "equipment": "FK",
      "booking_status": "REQUESTED",
      "cancellation_reason": null
    }
  },
  {
    "model": "schedule.profile",
    "pk": 1,
    "fields": {
      "user": 1,
      "certification_level": "OW",
      "full_name": "Pierre du Toit"
    }
  },
  {
    "model": "schedule.profile",
    "pk": 2,
    "fields": {
      "user": 2,
      "certification_level": "OW",
      "full_name": "SBDC Admin"
    }
  },
  {
    "model": "schedule.profile",
    "pk": 3,
    "fields": {
      "user": 3,
      "certification_level": "OW",
      "full_name": "Adam Son"
    }
  },
  {
    "model": "schedule.profile",
    "pk": 4,
    "fields": {
      "user": 4,
      "certification_level": "OW",
      "full_name": "Eve Blossom"
    }
  },
  {
    "model": "schedule.profile",
    "pk": 5,
    "fields": {
      "user": 5,
      "certification_level": "OW",
      "full_name": "Peter Lemon"
    }
  },
  {
    "model": "schedule.profile",
    "pk": 6,
    "fields": {
      "user": 6,
      "certification_level": "OW",
      "full_name": "Paul Wash"
    }
  },
  {
    "model": "schedule.profile",
    "pk": 7,
    "fields": {
      "user": 7,
      "certification_level": "OW",
      "full_name": "Luke Eee"
    }
  },
  {
    "model": "schedule.profile",
    "pk": 8,
    "fields": {
      "user": 8,
      "certification_level": "AOW",
      "full_name": "John Bush"
    }
  },
  {
    "model": "schedule.profile",
    "pk": 9,
    "fields": {
      "user": 9,
      "certification_level": "AOW",
      "full_name": "Sarah Bush"
    }
  },
  {
    "model": "schedule.profile",
    "pk": 10,
    "fields": {
      "user": 10,
      "certification_level": "AOW",
      "full_name": "Fahad Little"
    }
  },
  {
    "model": "schedule.profile",
    "pk": 11,
    "fields": {
      "user": 11,
      "certification_level": "AOW",
      "full_name": "Sammy Row"
    }
  },
  {
    "model": "schedule.profile",
    "pk": 12,
    "fields": {
      "user": 12,
      "certification_level": "AOW",
      "full_name": "Hilton Life"
    }
  },
  {
    "model": "schedule.profile",
    "pk": 13,
    "fields": {
      "user": 13,
      "certification_level": "AOW",
      "full_name": "Jumeira Beach"
    }
  },
  {
    "model": "schedule.profile",
    "pk": 14,
    "fields": {
      "user": 14,
      "certification_level": "AOW",
      "full_name": "Zayeed Road"
    }
  },
  {
    "model": "schedule.profile",
    "pk": 15,
    "fields": {
      "user": 15,
      "certification_level": "AOW",
      "full_name": "Rain Bow"
    }
  },
  {
    "model": "schedule.profile",
    "pk": 16,
    "fields": {
      "user": 16,
      "certification_level": "AOW",
      "full_name": "Storm Cloud"
    }
  },
  {
    "model": "schedule.profile",
    "pk": 17,
    "fields": {
      "user": 17,
      "certification_level": "AOW",
      "full_name": "Lucky Duba"
    }
  },
  {
    "model": "schedule.profile",
    "pk": 18,
    "fields": {
      "user": 18,
      "certification_level": "RD",
      "full_name": "Fish Life"
    }
  },
  {
    "model": "schedule.profile",
    "pk": 19,
    "fields": {
      "user": 19,
      "certification_level": "RD",
      "full_name": "Shark Bait"
    }
  },
  {
    "model": "schedule.profile",
    "pk": 20,
    "fields": {
      "user": 20,
      "certification_level": "RD",
      "full_name": "Sky Line"
    }
  },
  {
    "model": "schedule.profile",
    "pk": 21,
    "fields": {
      "user": 21,
      "certification_level": "RD",
      "full_name": "Mountain Range"
    }
  },
  {
    "model": "schedule.profile",
    "pk": 22,
    "fields": {
      "user": 22,
      "certification_level": "RD",
      "full_name": "Wind Blow"
    }
  },
  {
    "model": "schedule.profile",
    "pk": 23,
    "fields": {
      "user": 23,
      "certification_level": "DM",
      "full_name": "Purple Life"
    }
  },
  {
    "model": "schedule.profile",
    "pk": 24,
    "fields": {
      "user": 24,
      "certification_level": "DM",
      "full_name": "Halo Con"
    }
  }
]
